etf,cbr,qs,kz,m,q,cbr_wcor,qs_wcor,kz_wcor,m_wcor,q_wcor
eem,-0.010445482402660092,-0.01571888025423518,-0.01318137099771822,-0.019514290268890462,-0.021164554164925815,-0.00259771024675483,-0.0052430771440518205,-0.003881427754269942,-0.007179938819785894,-0.008811932007293147
eemo,-0.06097182102015752,-0.06754396504522973,-0.06329026409183684,-0.07068221636253297,-0.07224276447396351,-0.039895896861493516,-0.04371235233563002,-0.040920254926176944,-0.045171600018740266,-0.04672215167606696
eemv,-0.057843732502809754,-0.0647159964293577,-0.06058548098082137,-0.06842031918867873,-0.0698067775690846,-0.0382149822914668,-0.04234541992450729,-0.039539236896410014,-0.04422706707776859,-0.045613457238276825
fem,-0.04499760838165332,-0.05102195435859945,-0.04716308577451538,-0.053988235322426026,-0.055163291175683915,-0.026955935437514993,-0.03019062751807004,-0.02784354852482035,-0.03149325219904642,-0.032661241199586265
ieem,-0.06106926117773943,-0.0688304984541154,-0.06440597023200702,-0.07335247457161204,-0.07535317313227086,-0.04066030604466986,-0.045420613378509604,-0.04228861071020647,-0.0477663566642402,-0.04972382388682955
psrm,-0.04884632578078682,-0.055166552635625254,-0.05148128501879992,-0.058779618883153216,-0.06025604886490801,-0.03300887298933996,-0.03643494573450779,-0.03418737639209032,-0.038171055723267275,-0.039638508616258374
vwo,0.24109368996751776,0.23970576849869796,0.23882912334488426,0.23617392519435743,0.23444041122623044,0.23073910267344622,0.23220767649535473,0.22986008381273665,0.23034726765958005,0.22862419758501643
