etf,cbr,qs,kz,m,q,cbr_wcor,qs_wcor,kz_wcor,m_wcor,q_wcor
eem,-0.01299545339841617,-0.018943919865561012,-0.017138274974332776,-0.02479807334675879,-0.02760648263885998,-0.003777020838257993,-0.006167327121302641,-0.0054123351389724,-0.008765598450476692,-0.011574072749816434
eemo,-0.06950106371149267,-0.07741553004253905,-0.07366718396524717,-0.08312670470935754,-0.08568884615528362,-0.04578022870456758,-0.04998997490812022,-0.0474930208400558,-0.05249614733300899,-0.055054315224590804
eemv,-0.08168928495564359,-0.09058925819002604,-0.08652400353229767,-0.09715823033692142,-0.09993591789029983,-0.05428086494134078,-0.059351438814108315,-0.05645977812939264,-0.06247860562000487,-0.06525232211829832
fem,-0.08454372500987434,-0.09279606458972744,-0.08883998479251927,-0.09865693689359367,-0.10144340605362594,-0.05905747140835683,-0.06363374283229886,-0.06087787242091838,-0.06626071719284013,-0.06904352885592534
ieem,-0.06759763726843025,-0.07532695982418702,-0.07208939827881225,-0.08152087650818506,-0.08466601598370084,-0.047068807845905634,-0.05108314808135361,-0.04896552935248095,-0.053905862301989016,-0.05703767879772592
psrm,-0.08032201252508124,-0.08890801274327523,-0.08524296723562172,-0.09561512568180225,-0.09856758724829442,-0.055719012790952,-0.060609819513578155,-0.057941108274700295,-0.06383043873030966,-0.06677316284198641
vwo,0.22023599231786678,0.2192096608233289,0.2174528127006482,0.21454983854494927,0.21173639225947616,0.20390436071075244,0.20702677663374755,0.2036054976614578,0.20549564523931005,0.2026917105148804
