etf,cbr,qs,kz,m,q,cbr_wcor,qs_wcor,kz_wcor,m_wcor,q_wcor
eem,-0.07275804260244227,-0.08207445733776986,-0.08148720230525312,-0.0941760913634495,-0.10028733960736606,-0.0525241650250563,-0.05720894711808969,-0.0563306882709969,-0.06290658134868266,-0.06900117862462146
eemo,-0.1124160798021206,-0.12384492725071655,-0.12090318214084117,-0.13542004035316468,-0.14061532193139548,-0.07582694528686033,-0.08227505967573889,-0.07942068627961292,-0.08746255456230287,-0.09263690399057628
eemv,-0.1241655818443151,-0.1364670464623619,-0.1335589091146263,-0.14922470784530548,-0.15489450789363265,-0.08457513789385636,-0.0916970849346948,-0.08876280102998119,-0.09769162813109662,-0.10334139379656068
fem,-0.142853299422325,-0.15541186782911587,-0.1521377746177677,-0.1679822356047065,-0.17392449359277007,-0.10074360307693493,-0.10819314423468888,-0.10485271020378145,-0.11404307733451752,-0.11998684217296397
ieem,-0.10201910277409135,-0.11317385133486273,-0.11100487353583846,-0.1254737389778493,-0.13122392698090582,-0.06900137905775161,-0.07532056475959159,-0.07291546869974268,-0.08103598478592675,-0.08675498679757904
psrm,-0.11948534204948562,-0.13113692165056937,-0.12862617654624858,-0.14362388928453787,-0.14969275530627546,-0.08380799461611384,-0.09038853711786436,-0.08778709529653733,-0.09617756786821301,-0.1022188431180852
vwo,0.14897447982924,0.14553366604657694,0.1420321439971903,0.13498929747679617,0.12933218203816282,0.13475414484999504,0.13643070895237194,0.13257117993078538,0.13200573696361576,0.12637203836705826
