etf,cbr,qs,kz,m,q,cbr_wcor,qs_wcor,kz_wcor,m_wcor,q_wcor
eem,0.0016771767468787312,-0.003658002124499266,-0.001577914529074862,-0.008271178744900652,-0.010315890456695115,0.00969878900173291,0.00750981638419961,0.0084349855268281565,0.005467492302201084,0.003424023892822925
eemo,-0.05826915502234136,-0.06519538684481571,-0.061513996776809375,-0.06963950757933565,-0.07157904293991202,-0.03810225375168226,-0.04185465055263343,-0.039463781941604534,-0.043844889782488086,-0.04577857752277805
eemv,-0.06226893734823582,-0.06989700150342044,-0.06597703138701355,-0.07493379909446066,-0.07690297582813951,-0.03959904870321867,-0.04403223959609302,-0.04129589675955116,-0.04646901545981354,-0.04843612422878469
fem,-0.05726369890376824,-0.06392793275240437,-0.06023269601931003,-0.06802554791936127,-0.0700093320139217,-0.037331871329863625,-0.0407197925861699,-0.03847033398367979,-0.04241715832337397,-0.0443989040900007
ieem,-0.05687353098171395,-0.06382095312990364,-0.060437169053039745,-0.06872872566908492,-0.07110338018941964,-0.03867417295240179,-0.042396329542007484,-0.04020472370616436,-0.044675212954552276,-0.04703756737654571
psrm,-0.06927818326047082,-0.07686998326787338,-0.07312191776597893,-0.08210249179541007,-0.08435792392148773,-0.04805294141415944,-0.05244107279644524,-0.04982170485597955,-0.0550001740108439,-0.05724921795448494
vwo,0.23123482601539086,0.23053444194913367,0.2289210326918215,0.2266880420889067,0.2245861557535552,0.21540033831721608,0.21832119036386266,0.2149986223976121,0.21685444904122503,0.21476090686606844
