etf,cbr,qs,kz,m,q,cbr_wcor,qs_wcor,kz_wcor,m_wcor,q_wcor
eem,-0.05989175227048587,-0.06940956798395354,-0.0689772166772755,-0.08204098667720504,-0.08774075176068205,-0.03992365898768001,-0.044649530869491486,-0.043828023067860135,-0.05055972062105506,-0.056231628741567966
eemo,-0.11916240897232434,-0.13138424733327864,-0.12847550685761183,-0.14404456976138488,-0.14953140946206187,-0.07983490362478628,-0.08695160346528259,-0.08393687555949401,-0.09284559628550218,-0.09831543503398442
eemv,-0.13029946069945142,-0.1429244413745716,-0.13984923319452214,-0.1559145303423968,-0.1617197889858092,-0.08944039117499022,-0.0967562656622456,-0.09359393623128794,-0.10274959702088914,-0.10853264598283566
fem,-0.11731489713647487,-0.1288660711141075,-0.12630876866585164,-0.14112259769906937,-0.1464037489089925,-0.08158681295860691,-0.08824984110239124,-0.08552803249666492,-0.09393388903352878,-0.09919801473295883
ieem,-0.10526387423727898,-0.11564704832951944,-0.11421172822642876,-0.12792233640365805,-0.13379337768765867,-0.07792357889549123,-0.08365298314592837,-0.0819095407456994,-0.08947144855373408,-0.09532033548584806
psrm,-0.11377038711437228,-0.12541480736290714,-0.12268581776771778,-0.137590205675549,-0.14316778725129664,-0.07715203965460452,-0.08373891513262492,-0.08095896037939432,-0.08926780840745566,-0.09481011146702521
vwo,0.15257729066159578,0.14798622420884688,0.14434453406261408,0.13585503533425458,0.13009726228879898,0.14198221009363815,0.14230950302712603,0.13874593712563987,0.13656108075863818,0.13084011591265118
