etf,cbr,qs,kz,m,q,cbr_wcor,qs_wcor,kz_wcor,m_wcor,q_wcor
eem,0.01994822797343359,0.016243946247230974,0.01769886502909092,0.012982003294640339,0.01130238105647111,0.021406938377325557,0.020548703787281616,0.020623003258640644,0.019190496519009233,0.017514334112113873
eemo,-0.04805712637439301,-0.054155742903978864,-0.05065181526943402,-0.05770864549144639,-0.059209296973118476,-0.03101098572117735,-0.03433766211653474,-0.032118807954534735,-0.03595666705618598,-0.03745360045081397
eemv,-0.051310713335459265,-0.057752390571799955,-0.054161474301157225,-0.061635754420658065,-0.06322497439304783,-0.03331640598262558,-0.036991912061393815,-0.034622641184827954,-0.03887657818873327,-0.040467049671612625
fem,-0.043061101597595346,-0.048596121556796865,-0.045279303277294645,-0.05167678301194223,-0.053217235855249775,-0.0275352610132278,-0.030183153310320357,-0.028358984710305308,-0.031429692250976984,-0.032967806357936454
ieem,-0.04340533608581179,-0.04940303289647721,-0.046215065791870756,-0.05327943581637874,-0.05508031741301723,-0.028906247068948,-0.03203671038472381,-0.03012601822566687,-0.03385712596818236,-0.03565045887092856
psrm,-0.06234920367555652,-0.06912218234327715,-0.0654317935944092,-0.07331802241773644,-0.07515323551813577,-0.0436712808184687,-0.04768110713377607,-0.04509881317738961,-0.049751464433825596,-0.051582164742477676
vwo,0.24066314295191296,0.24001901759561173,0.2386191044018778,0.23666911861163192,0.2350921682675379,0.22620818507046586,0.22875450969506253,0.22570749197672488,0.22730044860554396,0.22572986877918452
